sintoma_1,sintoma_2,doenca_associada,fonte
dor no peito,aperto no torax,Infarto Agudo do Miocardio,Manual MSD (edicao profissional) - Infarto Agudo do Miocardio (IAM) - https://www.msdmanuals.com/pt/profissional/doencas-cardiovasculares/doenca-coronariana/infarto-agudo-do-miocardio-iam
suor frio,nausea,Infarto Agudo do Miocardio,Manual MSD (edicao profissional) - Infarto Agudo do Miocardio (IAM) - https://www.msdmanuals.com/pt/profissional/doencas-cardiovasculares/doenca-coronariana/infarto-agudo-do-miocardio-iam
esforco fisico,melhora com o repouso,Angina,Manual MSD (versao para a familia) - Angina - https://www.msdmanuals.com/pt/casa/disturbios-do-coracao-e-dos-vasos-sanguineos/doenca-arterial-coronariana/angina
cansaco constante,fadiga,Insuficiencia Cardiaca,Diretriz Brasileira de Insuficiencia Cardiaca - Sociedade Brasileira de Cardiologia - https://www.scielo.br/j/abc/a/6CWscRNFQdbmnHBVMqjBtfC/?format=html&lang=pt
falta de ar,dificuldade para respirar,Insuficiencia Cardiaca,Diretriz Brasileira de Insuficiencia Cardiaca - Sociedade Brasileira de Cardiologia - https://www.scielo.br/j/abc/a/6CWscRNFQdbmnHBVMqjBtfC/?format=html&lang=pt
inchaco nas pernas,inchaco nos pes,Insuficiencia Cardiaca,Diretriz Brasileira de Insuficiencia Cardiaca - Sociedade Brasileira de Cardiologia - https://www.scielo.br/j/abc/a/6CWscRNFQdbmnHBVMqjBtfC/?format=html&lang=pt
pernas inchadas,pes inchados,Insuficiencia Cardiaca,Diretriz Brasileira de Insuficiencia Cardiaca - Sociedade Brasileira de Cardiologia - https://www.scielo.br/j/abc/a/6CWscRNFQdbmnHBVMqjBtfC/?format=html&lang=pt
tosse persistente,falta de ar ao se deitar,Insuficiencia Cardiaca,Diretriz Brasileira de Insuficiencia Cardiaca - Sociedade Brasileira de Cardiologia - https://www.scielo.br/j/abc/a/6CWscRNFQdbmnHBVMqjBtfC/?format=html&lang=pt
palpitacao,coracao acelerado,Arritmia Cardiaca,Manual MSD (versao para a familia) - Consideracoes gerais sobre arritmias cardiacas - https://www.msdmanuals.com/pt/casa/disturbios-do-coracao-e-dos-vasos-sanguineos/arritmias-cardiacas/consideracoes-gerais-sobre-arritmias-cardiacas
batimento irregular,pulso irregular,Fibrilacao Atrial,Manual MSD (edicao profissional) - Fibrilacao Atrial - https://www.msdmanuals.com/pt/profissional/doencas-cardiovasculares/arritmias-cardiacas-especificas/fibrilacao-atrial
tontura,desmaio,Sincope Cardiaca,Manual MSD (edicao profissional) - Sincope - https://www.msdmanuals.com/pt/profissional/doencas-cardiovasculares/sintomas-de-doencas-cardiovasculares/sincope
dor de cabeca forte,visao embacada,Crise Hipertensiva,Posicionamento Luso-Brasileiro de Emergencias Hipertensivas 2020 - Sociedade Brasileira de Cardiologia - https://www.ncbi.nlm.nih.gov/pmc/articles/PMC9744343/
fraqueza de um lado do corpo,dificuldade para falar,Acidente Vascular Cerebral (AVC),Ministerio da Saude - AVC - https://www.gov.br/saude/pt-br/assuntos/saude-de-a-a-z/a/avc
perda de visao subita,dor de cabeca subita e forte,Acidente Vascular Cerebral (AVC),Ministerio da Saude - AVC - https://www.gov.br/saude/pt-br/assuntos/saude-de-a-a-z/a/avc
dor nas pernas ao caminhar,caimbras nas pernas,Doenca Arterial Periferica,Manual MSD (edicao profissional) - Doenca Arterial Periferica - https://www.msdmanuals.com/pt-pt/profissional/doencas-cardiovasculares/disturbios-arteriais-perifericos/doenca-arterial-periferica
