frase,situacao
sinto dor no peito e falta de ar,alto risco
estou com dor forte no peito irradiando para o braco,alto risco
tive um desmaio subito acompanhado de suor frio,alto risco
sinto o coracao acelerado e falta de ar mesmo em repouso,alto risco
estou com dor no peito em aperto e nausea,alto risco
perdi a forca do lado esquerdo do corpo e nao consigo falar direito,alto risco
sinto uma pressao forte no peito que nao passa ha vinte minutos,alto risco
estou com falta de ar subita e os labios estao arroxeados,alto risco
tive palpitacoes fortes seguidas de um desmaio,alto risco
sinto dor no peito que piora ao respirar fundo e falta de ar,alto risco
estou com inchaco subito nas pernas e dificuldade para respirar,alto risco
sinto formigamento no braco esquerdo junto com dor no peito,alto risco
minha pressao esta muito alta e sinto dor de cabeca forte com visao embacada,alto risco
tive uma crise de falta de ar que me impediu de falar frases completas,alto risco
sinto o coracao batendo muito rapido e uma sensacao de morte iminente,alto risco
estou com dor no peito ha mais de trinta minutos mesmo em repouso,alto risco
senti um aperto forte no peito durante o esforco que nao melhora com repouso,alto risco
estou com confusao mental subita e fraqueza no braco direito,alto risco
tive sudorese intensa e dor no peito que se espalha para as costas,alto risco
sinto falta de ar tao forte que nao consigo terminar uma frase,alto risco
acordei com dor forte no peito e o braco esquerdo dormente,alto risco
sinto tontura intensa e o coracao disparado sem motivo aparente,alto risco
estou com falta de ar ao subir um lance curto de escada e isso e novo para mim,alto risco
tive um episodio de desmaio ao me levantar da cadeira,alto risco
sinto aperto no peito que comecou em repouso e nao melhora ha uma hora,alto risco
tive um leve incomodo nas costas,baixo risco
sinto um cansaco leve depois de correr no calor,baixo risco
notei uma pequena dor muscular apos o treino de ontem,baixo risco
tenho um leve desconforto no estomago depois do almoco,baixo risco
sinto uma dor leve na nuca depois de dormir mal,baixo risco
tive uma leve tontura ao levantar rapido da cama,baixo risco
sinto um formigamento leve no pe depois de ficar sentado muito tempo,baixo risco
notei um pequeno cansaco no fim do dia de trabalho,baixo risco
tive uma dor leve no ombro depois de carregar peso,baixo risco
sinto uma leve azia depois de comer comida apimentada,baixo risco
tenho uma dor leve na perna depois de uma caminhada longa,baixo risco
sinto um leve desconforto no peito que passa rapido ao me alongar,baixo risco
notei um pequeno inchaco no tornozelo depois de ficar muito tempo em pe,baixo risco
tive uma leve dor de cabeca no fim da tarde,baixo risco
sinto um leve cansaco nas pernas depois de subir um lance de escada,baixo risco
tenho uma leve coceira na pele sem outros sintomas,baixo risco
notei um pequeno desconforto no pescoco depois de dormir em posicao estranha,baixo risco
sinto uma leve fadiga depois de uma noite de sono mal dormida,baixo risco
tive um leve mal-estar depois de tomar cafe muito forte,baixo risco
sinto um leve desconforto abdominal que melhora ao evacuar,baixo risco
notei uma leve dor no punho depois de digitar o dia todo,baixo risco
sinto um leve zumbido no ouvido depois de um show muito alto,baixo risco
tive uma leve rouquidao depois de gritar em um jogo de futebol,baixo risco
sinto uma leve coceira na garganta por causa da poeira,baixo risco
tenho um leve cansaco visual depois de muitas horas de tela,baixo risco
notei uma leve dor no joelho depois de correr na esteira,baixo risco
